rank,start_sample_after_downsample,start_time_s,gru_position_z_rmse_m
1,100,3.244999885559082,206.81422424316406
2,101,3.2850000858306885,206.72349548339844
3,102,3.325000047683716,205.25172424316406
4,103,3.365000009536743,203.44253540039062
5,104,3.4049999713897705,200.7182159423828
6,105,3.444999933242798,199.864013671875
