rank,start_sample_after_downsample,start_time_s,gru_position_z_rmse_m
1,377,14.324999809265137,55.31616973876953
2,469,18.0049991607666,54.699462890625
3,378,14.364999771118164,53.41135025024414
4,101,3.2850000858306885,52.96522903442383
5,100,3.244999885559082,52.67720413208008
6,379,14.404999732971191,52.52925109863281
