rank,start_sample_after_downsample,start_time_s,gru_position_z_rmse_m
1,100,3.244999885559082,206.158203125
2,101,3.2850000858306885,206.10646057128906
3,102,3.325000047683716,204.62452697753906
4,103,3.365000009536743,202.8604278564453
5,104,3.4049999713897705,200.16404724121094
6,105,3.444999933242798,199.24386596679688
