rank,start_sample_after_downsample,start_time_s,gru_position_z_rmse_m
1,101,3.2850000858306885,204.89852905273438
2,100,3.244999885559082,204.807861328125
3,102,3.325000047683716,203.5817413330078
4,103,3.365000009536743,201.96380615234375
5,104,3.4049999713897705,199.38763427734375
6,105,3.444999933242798,198.69207763671875
