column,MAE,MSE
Best_Acc_X,0.850864252630746,1.1167761846060815
Best_Acc_Y,0.9252891198206685,1.3031752391082214
Best_Acc_Z,0.7566148892576309,0.8762015076398475
Best_AngVel_X,0.8335616993094905,1.1183849989499426
Best_AngVel_Y,0.8421364516021804,1.1298813392556601
Best_AngVel_Z,0.7873654697128589,0.9299926757017754
GNSS_X,3.499550714484592,12.261506430534762
GNSS_Y,1.0732374454457654,1.1712886265886913
GNSS_Z,1.0223932859594884,1.106863106406085
